<?xml version="1.0" encoding="ISO-8859-1"?>
<!-- 
Copyright 2015 floragunn UG (haftungsbeschr�nkt)

Licensed under the Apache License, Version 2.0 (the "License");
you may not use this file except in compliance with the License.
You may obtain a copy of the License at

    http://www.apache.org/licenses/LICENSE-2.0

Unless required by applicable law or agreed to in writing, software
distributed under the License is distributed on an "AS IS" BASIS,
WITHOUT WARRANTIES OR CONDITIONS OF ANY KIND, either express or implied.
See the License for the specific language governing permissions and
limitations under the License.
 -->
<project name="Apache Johnzon" xmlns:xsi="http://www.w3.org/2001/XMLSchema-instance"
    xmlns="http://maven.apache.org/DECORATION/1.0.1"
    xsi:schemaLocation="http://maven.apache.org/DECORATION/1.0.1
                             http://maven.apache.org/xsd/decoration-1.0.1.xsd">
    <bannerLeft>
        <name>Search Guard</name>
        <alt>Search Guard</alt>
        <href>/index.html</href>
    </bannerLeft><!-- <bannerRight> <src>http://xxxx.png</src> <href>http://xxxx/</href> 
        </bannerRight> -->

    <custom>
        <fluidoSkin>
            <topBarEnabled>true</topBarEnabled>
            <sideBarEnabled>true</sideBarEnabled>
            <sourceLineNumbersEnabled>true</sourceLineNumbersEnabled>
            <topBarIcon>
                <name>Search Guard</name>
                <alt>Search Guard</alt>
                <!-- <src>http://xxxxx.png</src> -->
                <href>/index.html</href>
            </topBarIcon>
        </fluidoSkin>
    </custom>

    <skin>
        <groupId>org.apache.maven.skins</groupId>
        <artifactId>maven-fluido-skin</artifactId>
        <version>1.3.1</version>
    </skin>

    <body>

        <head>

            <!-- <script type="text/javascript"> (function(i,s,o,g,r,a,m){i['GoogleAnalyticsObject']=r;i[r]=i[r]||function(){ 
                (i[r].q=i[r].q||[]).push(arguments)},i[r].l=1*new Date();a=s.createElement(o), 
                m=s.getElementsByTagName(o)[0];a.async=1;a.src=g;m.parentNode.insertBefore(a,m) 
                })(window,document,'script','//www.google-analytics.com/analytics.js','ga'); 
                ga('create', 'UA-XXXX', 'XXXX'); ga('send', 'pageview'); </script> -->

        </head>

        <menu name="User Guide">
            <item name="Home" href="/index.html" />
            <item name="Download" href="#" />
            <item name="Javadoc" href="/apidocs/index.html" />
            <item name="Source Code" href="/source-repository.html" />
            <item name="Changelog" href="/changelog.html" />
            <item name="Mailing Lists" href="/mail-lists.html" />
        </menu>

        <menu ref="reports" inherit="bottom" />

        <footer>
            <div class="row span16">by floragunn UG (haftungsbeschr�nkt)</div>
        </footer>

    </body>
</project>
